date,team1,team2,winner,champion_prediction,challenger_prediction,champion_correct,challenger_correct,category,champion_toss_winner_is_team1,challenger_toss_winner_is_team1,diff_toss_winner_is_team1,champion_team1_historical_win_rate,challenger_team1_historical_win_rate,diff_team1_historical_win_rate,champion_team2_historical_win_rate,challenger_team2_historical_win_rate,diff_team2_historical_win_rate,champion_team1_recent_win_rate,challenger_team1_recent_win_rate,diff_team1_recent_win_rate,champion_team2_recent_win_rate,challenger_team2_recent_win_rate,diff_team2_recent_win_rate,champion_team1_h2h_win_rate,challenger_team1_h2h_win_rate,diff_team1_h2h_win_rate,champion_team2_h2h_win_rate,challenger_team2_h2h_win_rate,diff_team2_h2h_win_rate,champion_team1_venue_win_rate,challenger_team1_venue_win_rate,diff_team1_venue_win_rate,champion_team2_venue_win_rate,challenger_team2_venue_win_rate,diff_team2_venue_win_rate,challenger_toss_data_known,changed_feature_count,changed_features,total_absolute_feature_change
2025-07-25,Hungary,Romania,Romania,1,0,False,True,CHALLENGER_IMPROVEMENT,1.0,1.0,0.0,0.5,0.4838709677419355,-0.016129032258064502,0.627906976744186,0.627906976744186,0.0,0.6,0.6,0.0,0.4,0.4,0.0,0.25,0.25,0.0,0.75,0.75,0.0,1.0,1.0,0.0,0.0,0.0,0.0,1,1,team1_historical_win_rate,0.016129032258064502
2025-07-26,Rwanda,Malawi,Malawi,1,0,False,True,CHALLENGER_IMPROVEMENT,0.0,0.0,0.0,0.2926829268292683,0.2823529411764706,-0.01032998565279769,0.3793103448275862,0.3548387096774194,-0.024471635150166815,0.2,0.2,0.0,0.2,0.2,0.0,0.625,0.625,0.0,0.375,0.375,0.0,0.1666666666666666,0.1666666666666666,0.0,0.1428571428571428,0.1428571428571428,0.0,1,2,"team1_historical_win_rate, team2_historical_win_rate",0.034801620802964506
2025-08-08,Norway,France,Norway,1,0,True,False,CHALLENGER_REGRESSION,0.0,0.0,0.0,0.5,0.5,0.0,0.4827586206896552,0.4666666666666667,-0.01609195402298852,0.6,0.4,-0.19999999999999996,0.2,0.2,0.0,0.3333333333333333,0.3333333333333333,0.0,0.6666666666666666,0.6666666666666666,0.0,0.5,0.5,0.0,0.5,0.5,0.0,1,2,"team2_historical_win_rate, team1_recent_win_rate",0.21609195402298847
2025-09-30,Zimbabwe,Tanzania,Zimbabwe,1,0,True,False,CHALLENGER_REGRESSION,0.0,0.0,0.0,0.4090909090909091,0.3693181818181818,-0.03977272727272729,0.59375,0.5757575757575758,-0.0179924242424242,0.8,0.8,0.0,0.8,0.8,0.0,1.0,1.0,0.0,0.0,0.0,0.0,0.28,0.2692307692307692,-0.010769230769230809,0.5,0.5,0.0,1,3,"team1_historical_win_rate, team2_historical_win_rate, team1_venue_win_rate",0.0685343822843823
2025-10-08,Nepal,Kuwait,Nepal,1,0,True,False,CHALLENGER_REGRESSION,0.0,0.0,0.0,0.5957446808510638,0.5643564356435643,-0.0313882452074995,0.6129032258064516,0.6031746031746031,-0.009728622631848483,0.6,0.6,0.0,0.6,0.6,0.0,0.6666666666666666,0.6666666666666666,0.0,0.3333333333333333,0.3333333333333333,0.0,0.5333333333333333,0.5333333333333333,0.0,0.7,0.7,0.0,1,2,"team1_historical_win_rate, team2_historical_win_rate",0.04111686783934798
2025-10-16,Japan,United Arab Emirates,United Arab Emirates,1,0,False,True,CHALLENGER_IMPROVEMENT,0.0,0.0,0.0,0.6818181818181818,0.6666666666666666,-0.015151515151515138,0.5652173913043478,0.5230769230769231,-0.04214046822742468,0.6,0.6,0.0,0.6,0.6,0.0,0.5,0.5,0.0,0.5,0.5,0.0,0.6666666666666666,0.6666666666666666,0.0,0.6842105263157895,0.6842105263157895,0.0,1,2,"team1_historical_win_rate, team2_historical_win_rate",0.057291983378939815
2025-10-20,England,New Zealand,England,0,1,False,True,CHALLENGER_IMPROVEMENT,0.0,0.0,0.0,0.5454545454545454,0.5235849056603774,-0.021869639794168005,0.5596330275229358,0.5146443514644351,-0.044988676058500654,0.8,0.6,-0.20000000000000007,0.6,0.2,-0.39999999999999997,0.6,0.5357142857142857,-0.06428571428571428,0.4,0.3571428571428571,-0.04285714285714293,0.5,0.0,-0.5,0.625,0.5555555555555556,-0.06944444444444442,1,8,"team1_historical_win_rate, team2_historical_win_rate, team1_recent_win_rate, team2_recent_win_rate, team1_h2h_win_rate, team2_h2h_win_rate, team1_venue_win_rate, team2_venue_win_rate",1.3434456174399703
2025-10-27,West Indies,Bangladesh,West Indies,1,0,True,False,CHALLENGER_REGRESSION,1.0,1.0,0.0,0.4354066985645933,0.4155844155844156,-0.019822282980177686,0.3977900552486187,0.400990099009901,0.0032000437612823007,0.4,0.4,0.0,0.4,0.6,0.19999999999999996,0.5294117647058824,0.4736842105263157,-0.05572755417956665,0.4705882352941176,0.4210526315789473,-0.049535603715170295,0.5,0.5,0.0,0.5,0.5,0.0,1,5,"team1_historical_win_rate, team2_historical_win_rate, team2_recent_win_rate, team1_h2h_win_rate, team2_h2h_win_rate",0.3282854846361969
2025-11-02,Australia,India,India,0,1,True,False,CHALLENGER_REGRESSION,0.0,0.0,0.0,0.5902439024390244,0.5648148148148148,-0.02542908762420959,0.6936170212765957,0.6732283464566929,-0.020388674819902808,0.8,0.6,-0.20000000000000007,0.8,0.4,-0.4,0.375,0.3529411764705882,-0.022058823529411797,0.625,0.5882352941176471,-0.03676470588235292,1.0,1.0,0.0,0.5,0.5,0.0,1,6,"team1_historical_win_rate, team2_historical_win_rate, team1_recent_win_rate, team2_recent_win_rate, team1_h2h_win_rate, team2_h2h_win_rate",0.7046412918558772
2025-11-02,Cyprus,Bulgaria,Cyprus,1,0,True,False,CHALLENGER_REGRESSION,0.0,0.0,0.0,0.5714285714285714,0.5555555555555556,-0.015873015873015817,0.3720930232558139,0.3720930232558139,0.0,1.0,1.0,0.0,0.6,0.8,0.20000000000000007,1.0,0.5,-0.5,0.0,0.5,0.5,1.0,1.0,0.0,0.6666666666666666,1.0,0.33333333333333337,1,5,"team1_historical_win_rate, team2_recent_win_rate, team1_h2h_win_rate, team2_h2h_win_rate, team2_venue_win_rate",1.5492063492063495
2025-11-05,West Indies,New Zealand,West Indies,0,1,False,True,CHALLENGER_IMPROVEMENT,0.0,0.0,0.0,0.4433962264150943,0.4230769230769231,-0.020319303338171224,0.5570776255707762,0.5103734439834025,-0.04670418158737377,0.8,0.8,0.0,0.4,0.0,-0.4,0.3333333333333333,0.25,-0.08333333333333331,0.6666666666666666,0.5,-0.16666666666666663,0.5,0.0,-0.5,0.25,0.1428571428571428,-0.1071428571428572,1,7,"team1_historical_win_rate, team2_historical_win_rate, team2_recent_win_rate, team1_h2h_win_rate, team2_h2h_win_rate, team1_venue_win_rate, team2_venue_win_rate",1.324166342068402
2025-11-06,Timor-Leste,Indonesia,Indonesia,1,0,False,True,CHALLENGER_IMPROVEMENT,1.0,1.0,0.0,0.5,0.5,0.0,0.453125,0.4477611940298507,-0.0053638059701492935,0.5,0.5,0.0,0.4,0.4,0.0,0.5,0.5,0.0,0.5,0.5,0.0,0.5,0.5,0.0,0.5,0.4888888888888889,-0.011111111111111127,1,2,"team2_historical_win_rate, team2_venue_win_rate",0.01647491708126042
2025-11-12,Qatar,Hong Kong,Qatar,0,1,False,True,CHALLENGER_IMPROVEMENT,1.0,1.0,0.0,0.5,0.4545454545454545,-0.045454545454545525,0.4711538461538461,0.4434782608695652,-0.02767558528428088,0.6,0.4,-0.19999999999999996,0.4,0.2,-0.2,0.2,0.1666666666666666,-0.03333333333333341,0.8,0.6666666666666666,-0.13333333333333341,0.6666666666666666,0.5882352941176471,-0.07843137254901955,0.5,0.0,-0.5,1,8,"team1_historical_win_rate, team2_historical_win_rate, team1_recent_win_rate, team2_recent_win_rate, team1_h2h_win_rate, team2_h2h_win_rate, team1_venue_win_rate, team2_venue_win_rate",1.2182281699545128
2025-11-27,Ireland,Bangladesh,Ireland,1,0,True,False,CHALLENGER_REGRESSION,0.0,0.0,0.0,0.4586466165413533,0.4096385542168674,-0.0490080623244859,0.391304347826087,0.3951219512195122,0.0038176033934252396,0.2,0.0,-0.2,0.0,0.4,0.4,0.4,0.3333333333333333,-0.06666666666666671,0.6,0.5,-0.09999999999999998,0.5,0.5,0.0,0.0,0.0,0.0,1,6,"team1_historical_win_rate, team2_historical_win_rate, team1_recent_win_rate, team2_recent_win_rate, team1_h2h_win_rate, team2_h2h_win_rate",0.8194923323845779
2025-12-04,Nigeria,Zambia,Nigeria,1,0,True,False,CHALLENGER_REGRESSION,0.0,0.0,0.0,0.4683544303797468,0.4567901234567901,-0.01156430692295668,0.5,0.5,0.0,0.4,0.4,0.0,0.5,0.5,0.0,0.5,0.5,0.0,0.5,0.5,0.0,1.0,1.0,0.0,0.5,0.5,0.0,1,1,team1_historical_win_rate,0.01156430692295668
2025-12-09,India,South Africa,India,1,0,True,False,CHALLENGER_REGRESSION,0.0,0.0,0.0,0.6962025316455697,0.6731517509727627,-0.02305078067280697,0.541871921182266,0.5380952380952381,-0.0037766830870279433,0.8,0.4,-0.4,0.2,0.2,0.0,0.6,0.5806451612903226,-0.019354838709677358,0.4,0.3870967741935484,-0.012903225806451646,0.0,0.0,0.0,1.0,1.0,0.0,1,5,"team1_historical_win_rate, team2_historical_win_rate, team1_recent_win_rate, team1_h2h_win_rate, team2_h2h_win_rate",0.45908552827596394
2025-12-23,Indonesia,Cambodia,Indonesia,1,0,True,False,CHALLENGER_REGRESSION,1.0,0.0,-1.0,0.4810126582278481,0.4691358024691358,-0.011876855758712335,0.4285714285714285,0.4137931034482758,-0.014778325123152691,0.2,0.2,0.0,0.6,0.4,-0.19999999999999996,0.4285714285714285,0.4,-0.02857142857142847,0.5714285714285714,0.5333333333333333,-0.03809523809523807,0.5471698113207547,0.5272727272727272,-0.01989708404802748,0.5384615384615384,0.5,-0.038461538461538436,1,8,"toss_winner_is_team1, team1_historical_win_rate, team2_historical_win_rate, team2_recent_win_rate, team1_h2h_win_rate, team2_h2h_win_rate, team1_venue_win_rate, team2_venue_win_rate",1.3516804700580973
2026-01-27,West Indies,South Africa,South Africa,1,0,False,True,CHALLENGER_IMPROVEMENT,0.0,0.0,0.0,0.4398148148148148,0.4173553719008264,-0.022459442913988437,0.5362318840579711,0.5327102803738317,-0.0035216036841393406,0.4,0.2,-0.2,0.2,0.2,0.0,0.5384615384615384,0.5384615384615384,0.0,0.4615384615384615,0.4615384615384615,0.0,0.5,0.5,0.0,0.5,0.5,0.0,1,3,"team1_historical_win_rate, team2_historical_win_rate, team1_recent_win_rate",0.2259810465981278
2026-01-29,Ireland,United Arab Emirates,Ireland,1,0,True,False,CHALLENGER_REGRESSION,1.0,1.0,0.0,0.460431654676259,0.4127906976744186,-0.0476409570018404,0.5641025641025641,0.5227272727272727,-0.04137529137529139,0.4,0.4,0.0,0.4,0.4,0.0,0.3636363636363636,0.3636363636363636,0.0,0.6363636363636364,0.6363636363636364,0.0,0.9,0.9,0.0,0.2142857142857142,0.2142857142857142,0.0,1,2,"team1_historical_win_rate, team2_historical_win_rate",0.08901624837713179
2026-01-29,Pakistan,Australia,Pakistan,0,1,False,True,CHALLENGER_IMPROVEMENT,1.0,1.0,0.0,0.5962264150943396,0.5734265734265734,-0.022799841667766163,0.5845410628019324,0.5570776255707762,-0.027463437231156185,0.6,0.6,0.0,0.6,0.2,-0.39999999999999997,0.4615384615384615,0.4285714285714285,-0.032967032967033016,0.5384615384615384,0.5,-0.038461538461538436,0.6428571428571429,0.6428571428571429,0.0,1.0,1.0,0.0,1,5,"team1_historical_win_rate, team2_historical_win_rate, team2_recent_win_rate, team1_h2h_win_rate, team2_h2h_win_rate",0.5216918503274938
2026-02-10,Namibia,Netherlands,Netherlands,0,1,True,False,CHALLENGER_REGRESSION,0.0,0.0,0.0,0.6097560975609756,0.5882352941176471,-0.021520803443328518,0.5229357798165137,0.4957983193277311,-0.027137460488782628,0.8,0.8,0.0,0.4,0.2,-0.2,0.25,0.2,-0.04999999999999999,0.75,0.6,-0.15000000000000002,0.5,0.5,0.0,0.5,0.5,0.0,1,5,"team1_historical_win_rate, team2_historical_win_rate, team2_recent_win_rate, team1_h2h_win_rate, team2_h2h_win_rate",0.44865826393211117
2026-02-10,United Arab Emirates,New Zealand,New Zealand,1,0,False,True,CHALLENGER_IMPROVEMENT,1.0,1.0,0.0,0.5546218487394958,0.5149253731343284,-0.039696475605167425,0.5526315789473685,0.5079365079365079,-0.044695071010860565,0.4,0.4,0.0,0.2,0.4,0.2,0.3333333333333333,0.3333333333333333,0.0,0.6666666666666666,0.6666666666666666,0.0,0.5,0.5,0.0,0.5,0.5,0.0,1,3,"team1_historical_win_rate, team2_historical_win_rate, team2_recent_win_rate",0.284391546616028
2026-02-12,Nepal,Italy,Italy,1,0,False,True,CHALLENGER_IMPROVEMENT,0.0,0.0,0.0,0.6138613861386139,0.5833333333333334,-0.03052805280528048,0.6,0.6,0.0,0.8,0.8,0.0,0.2,0.2,0.0,0.5,0.5,0.0,0.5,0.5,0.0,0.0,0.0,0.0,0.5,0.5,0.0,1,1,team1_historical_win_rate,0.03052805280528048
2026-02-14,Scotland,England,England,0,1,True,False,CHALLENGER_REGRESSION,0.0,0.0,0.0,0.4942528735632184,0.4479166666666667,-0.04633620689655171,0.553921568627451,0.5296803652968036,-0.024241203330647387,0.4,0.4,0.0,0.8,0.8,0.0,0.5,0.0,-0.5,0.5,0.0,-0.5,0.5,0.5,0.0,0.0,0.0,0.0,1,4,"team1_historical_win_rate, team2_historical_win_rate, team1_h2h_win_rate, team2_h2h_win_rate",1.070577410227199
2026-02-15,Qatar,Bahrain,Qatar,1,0,True,False,CHALLENGER_REGRESSION,1.0,1.0,0.0,0.509090909090909,0.4666666666666667,-0.042424242424242364,0.6326530612244898,0.6078431372549019,-0.02480992396958792,0.6,0.6,0.0,0.6,0.6,0.0,0.625,0.5555555555555556,-0.06944444444444442,0.375,0.3333333333333333,-0.041666666666666685,0.6842105263157895,0.6190476190476191,-0.06516290726817042,0.5714285714285714,0.5714285714285714,0.0,1,5,"team1_historical_win_rate, team2_historical_win_rate, team1_h2h_win_rate, team2_h2h_win_rate, team1_venue_win_rate",0.2435081847731118
2026-02-16,Australia,Sri Lanka,Sri Lanka,1,0,False,True,CHALLENGER_IMPROVEMENT,0.0,0.0,0.0,0.5754716981132075,0.5491071428571429,-0.026364555256064626,0.4471153846153846,0.4419642857142857,-0.005151098901098883,0.2,0.2,0.0,0.4,0.4,0.0,0.6,0.5769230769230769,-0.023076923076923106,0.4,0.3846153846153846,-0.015384615384615441,0.25,0.25,0.0,0.5,0.44,-0.06,1,5,"team1_historical_win_rate, team2_historical_win_rate, team1_h2h_win_rate, team2_h2h_win_rate, team2_venue_win_rate",0.12997719261870205
2026-02-17,Scotland,Nepal,Nepal,1,0,False,True,CHALLENGER_IMPROVEMENT,0.0,0.0,0.0,0.4886363636363636,0.4432989690721649,-0.04533739456419872,0.6019417475728155,0.5727272727272728,-0.029214474845542737,0.2,0.2,0.0,0.4,0.4,0.0,0.5,0.5,0.0,0.5,0.5,0.0,0.5,0.5,0.0,0.0,0.0,0.0,1,2,"team1_historical_win_rate, team2_historical_win_rate",0.07455186940974146
2026-02-19,Sri Lanka,Zimbabwe,Zimbabwe,1,0,False,True,CHALLENGER_IMPROVEMENT,1.0,1.0,0.0,0.4497607655502392,0.4444444444444444,-0.005316321105794775,0.4233128834355828,0.3776595744680851,-0.0456533089674977,0.6,0.6,0.0,0.6,0.6,0.0,0.7,0.7,0.0,0.3,0.3,0.0,0.3846153846153846,0.3846153846153846,0.0,0.5,0.5,0.0,1,2,"team1_historical_win_rate, team2_historical_win_rate",0.05096963007329247
2026-03-05,India,England,India,1,0,True,False,CHALLENGER_REGRESSION,0.0,0.0,0.0,0.7035573122529645,0.6813186813186813,-0.022238630934283132,0.5645933014354066,0.5401785714285714,-0.02441473000683525,0.8,0.8,0.0,1.0,1.0,0.0,0.5862068965517241,0.5862068965517241,0.0,0.4137931034482758,0.4137931034482758,0.0,1.0,1.0,0.0,0.3333333333333333,0.3333333333333333,0.0,1,2,"team1_historical_win_rate, team2_historical_win_rate",0.04665336094111838
2026-03-27,Eswatini,Malawi,Malawi,1,0,False,True,CHALLENGER_IMPROVEMENT,1.0,1.0,0.0,0.4666666666666667,0.4117647058823529,-0.05490196078431375,0.3684210526315789,0.35,-0.01842105263157895,0.8,0.4,-0.4,0.2,0.2,0.0,0.5,0.5,0.0,0.5,0.5,0.0,0.0,0.0,0.0,0.5,0.5,0.0,1,3,"team1_historical_win_rate, team2_historical_win_rate, team1_recent_win_rate",0.4733230134158927
2026-04-09,Norway,France,France,1,0,False,True,CHALLENGER_IMPROVEMENT,1.0,1.0,0.0,0.5106382978723404,0.5106382978723404,0.0,0.4473684210526316,0.4473684210526316,0.0,0.4,0.4,0.0,0.4,0.4,0.0,0.5,0.5,0.0,0.5,0.5,0.0,0.2857142857142857,0.2857142857142857,0.0,0.3333333333333333,0.4,0.06666666666666671,1,1,team2_venue_win_rate,0.06666666666666671
2026-05-08,Cyprus,Finland,Finland,0,1,True,False,CHALLENGER_REGRESSION,1.0,1.0,0.0,0.6060606060606061,0.6176470588235294,0.01158645276292336,0.4482758620689655,0.4193548387096774,-0.028921023359288145,0.8,0.8,0.0,0.6,0.4,-0.19999999999999996,0.0,0.5,0.5,1.0,0.5,-0.5,0.5,0.5384615384615384,0.038461538461538436,0.5,0.0,-0.5,1,7,"team1_historical_win_rate, team2_historical_win_rate, team2_recent_win_rate, team1_h2h_win_rate, team2_h2h_win_rate, team1_venue_win_rate, team2_venue_win_rate",1.7789690145837498
2026-06-26,Serbia,Luxembourg,Luxembourg,1,0,False,True,CHALLENGER_IMPROVEMENT,0.0,0.0,0.0,0.28125,0.28125,0.0,0.325,0.325,0.0,0.2,0.2,0.0,0.2,0.2,0.0,0.5,0.5,0.0,0.5,0.5,0.0,0.5,0.5,0.0,0.2857142857142857,0.2857142857142857,0.0,1,0,NONE,0.0
2026-07-07,England,India,England,1,0,True,False,CHALLENGER_REGRESSION,0.0,0.0,0.0,0.5639810426540285,0.5374449339207048,-0.026536108733323682,0.6976744186046512,0.6738351254480287,-0.023839293156622476,0.8,0.6,-0.20000000000000007,0.4,0.2,-0.2,0.4193548387096774,0.40625,-0.01310483870967738,0.5806451612903226,0.5625,-0.01814516129032262,0.3333333333333333,0.3333333333333333,0.0,0.0,0.0,0.0,1,6,"team1_historical_win_rate, team2_historical_win_rate, team1_recent_win_rate, team2_recent_win_rate, team1_h2h_win_rate, team2_h2h_win_rate",0.48162540188994624
2026-07-11,England,India,England,1,0,True,False,CHALLENGER_REGRESSION,0.0,0.0,0.0,0.568075117370892,0.5414847161572053,-0.02659040121368672,0.6923076923076923,0.6690391459074733,-0.023268546400219026,0.8,0.6,-0.20000000000000007,0.0,0.0,0.0,0.4545454545454545,0.4411764705882353,-0.013368983957219194,0.5454545454545454,0.5294117647058824,-0.016042780748663055,0.4,0.4,0.0,1.0,1.0,0.0,1,5,"team1_historical_win_rate, team2_historical_win_rate, team1_recent_win_rate, team1_h2h_win_rate, team2_h2h_win_rate",0.27927071231978806
2026-07-13,Denmark,Hungary,Denmark,1,0,True,False,CHALLENGER_REGRESSION,1.0,1.0,0.0,0.5,0.4893617021276595,-0.010638297872340496,0.4222222222222222,0.4130434782608695,-0.009178743961352709,1.0,1.0,0.0,0.4,0.4,0.0,0.5,0.5,0.0,0.5,0.5,0.0,0.6470588235294118,0.6470588235294118,0.0,1.0,1.0,0.0,1,2,"team1_historical_win_rate, team2_historical_win_rate",0.019817041833693205
2026-07-15,Zimbabwe,Bangladesh,Zimbabwe,1,0,True,False,CHALLENGER_REGRESSION,0.0,0.0,0.0,0.4191616766467065,0.375,-0.044161676646706505,0.390625,0.3943661971830985,0.0037411971830985102,0.4,0.4,0.0,0.2,0.2,0.0,0.3333333333333333,0.3333333333333333,0.0,0.6666666666666666,0.6666666666666666,0.0,0.625,0.625,0.0,0.5,0.5,0.0,1,2,"team1_historical_win_rate, team2_historical_win_rate",0.047902873829805015
2026-07-19,Zimbabwe,Bangladesh,Bangladesh,1,0,False,True,CHALLENGER_IMPROVEMENT,1.0,1.0,0.0,0.4201183431952662,0.3762886597938144,-0.043829683401451824,0.3917525773195876,0.3953488372093023,0.0035962598897146814,0.2,0.2,0.0,0.2,0.2,0.0,0.3461538461538461,0.3461538461538461,0.0,0.6538461538461539,0.6538461538461539,0.0,0.6111111111111112,0.6111111111111112,0.0,0.5,0.5,0.0,1,2,"team1_historical_win_rate, team2_historical_win_rate",0.047425943291166506
2026-08-08,Brazil,Mexico,Brazil,1,0,True,False,CHALLENGER_REGRESSION,0.0,0.0,0.0,0.35,0.3181818181818182,-0.0318181818181818,0.4137931034482758,0.4193548387096774,0.005561735261401579,0.2,0.2,0.0,0.6,0.6,0.0,0.5,0.5,0.0,0.5,0.5,0.0,1.0,1.0,0.0,0.0,0.5,0.5,1,3,"team1_historical_win_rate, team2_historical_win_rate, team2_venue_win_rate",0.5373799170795834
2026-08-08,Mexico,Peru,Mexico,1,0,True,False,CHALLENGER_REGRESSION,1.0,1.0,0.0,0.4,0.4,0.0,0.0,0.5,0.5,0.4,0.6,0.19999999999999996,0.0,0.5,0.5,0.5,0.5,0.0,0.5,0.5,0.0,0.0,0.0,0.0,0.5,0.5,0.0,1,3,"team2_historical_win_rate, team1_recent_win_rate, team2_recent_win_rate",1.2
2026-08-14,Portugal,Israel,Portugal,1,0,True,False,CHALLENGER_REGRESSION,0.0,0.0,0.0,0.75,0.7317073170731707,-0.018292682926829285,0.25,0.25,0.0,1.0,0.8,-0.19999999999999996,0.2,0.2,0.0,0.0,0.0,0.0,1.0,1.0,0.0,0.5,0.5,0.0,0.5,0.5,0.0,1,2,"team1_historical_win_rate, team1_recent_win_rate",0.21829268292682924
2026-08-15,Rwanda,Zambia,Zambia,1,0,False,True,CHALLENGER_IMPROVEMENT,0.0,0.0,0.0,0.3689320388349514,0.3584905660377358,-0.010441472797215579,0.3846153846153846,0.4285714285714285,0.04395604395604391,0.6,0.6,0.0,0.4,0.6,0.19999999999999996,0.6,0.6,0.0,0.4,0.4,0.0,0.7142857142857143,0.7142857142857143,0.0,0.3333333333333333,0.5,0.16666666666666669,1,4,"team1_historical_win_rate, team2_historical_win_rate, team2_recent_win_rate, team2_venue_win_rate",0.42106418341992613
