date,team1,team2,venue,toss_winner,toss_decision,match_type,season,winner,source_url
2023-07-14,Afghanistan,Bangladesh,N)-Afghanistan in Bangladesh T20I Series 2023 1st T20I (D/N)-Afghanistan in Bangladesh T20I Series 2023 T20I 1ST Sylhet International Cricket Stadium,,,T20,2023,Bangladesh,https://cricstats.in/live-cricket-score/6223688/afghanistan-in-bangladesh-t20i-series/scorecard
2023-07-16,Afghanistan,Bangladesh,N)-Afghanistan in Bangladesh T20I Series 2023 2nd T20I (D/N)-Afghanistan in Bangladesh T20I Series 2023 T20I 2ND Sylhet International Cricket Stadium,,,T20,2023,Bangladesh,https://cricstats.in/live-cricket-score/3579894/afghanistan-in-bangladesh-t20i-series/scorecard
2023-10-04,Afghanistan,Sri Lanka,in China) 2023 3rd Quarter-Final -Asian Games Men&#x27;s Cricket Competition (in China) 2023 T20I 3RD Zhejiang University of Technology Cricket Field,,,T20,2023,Afghanistan,https://cricstats.in/live-cricket-score/9612589/asian-games-menandx27s-cricket-competition-in-china/scorecard
2023-10-06,Pakistan,Afghanistan,n (in China) 2023 2nd Semi-Final -Asian Games Men&#x27;s Cricket Competition (in China) 2023 T20I 2ND Zhejiang University of Technology Cricket Field,,,T20,2023,Afghanistan,https://cricstats.in/live-cricket-score/4755867/asian-games-menandx27s-cricket-competition-in-china/scorecard
2023-10-07,Afghanistan,India,petition (in China) 2023 Final -Asian Games Men&#x27;s Cricket Competition (in China) 2023 T20I FINAL Zhejiang University of Technology Cricket Field,,,T20,2023,No Result,https://cricstats.in/live-cricket-score/2635648/asian-games-menandx27s-cricket-competition-in-china/scorecard
2023-12-29,Afghanistan,United Arab Emirates,nistan in United Arab Emirates T20I Series 2023 1st T20I (D/N) -Afghanistan in United Arab Emirates T20I Series 2023 T20I 1ST Sharjah Cricket Stadium,,,T20,2023,Afghanistan,https://cricstats.in/live-cricket-score/3665436/afghanistan-in-united-arab-emirates-t20i-series/scorecard
2023-12-31,United Arab Emirates,Afghanistan,nistan in United Arab Emirates T20I Series 2023 2nd T20I (D/N) -Afghanistan in United Arab Emirates T20I Series 2023 T20I 2ND Sharjah Cricket Stadium,,,T20,2023,United Arab Emirates,https://cricstats.in/live-cricket-score/4312270/afghanistan-in-united-arab-emirates-t20i-series/scorecard
2024-01-02,United Arab Emirates,Afghanistan,nistan in United Arab Emirates T20I Series 2023 3rd T20I (D/N) -Afghanistan in United Arab Emirates T20I Series 2023 T20I 3RD Sharjah Cricket Stadium,,,T20,2024,Afghanistan,https://cricstats.in/live-cricket-score/4294470/afghanistan-in-united-arab-emirates-t20i-series/scorecard
2024-01-11,Afghanistan,India,"India T20I Series 2024 1st T20I (N) -Afghanistan in India T20I Series 2024 T20I 1ST Punjab Cricket Association IS Bindra Stadium, Mohali, Chandigarh",,,T20,2024,India,https://cricstats.in/live-cricket-score/7408807/afghanistan-in-india-t20i-series/scorecard
2024-01-14,Afghanistan,India,"ies / 2nd T20I (N) -Afghanistan in India T20I Series 2024 2nd T20I (N) -Afghanistan in India T20I Series 2024 T20I 2ND Holkar Cricket Stadium, Indore",,,T20,2024,India,https://cricstats.in/live-cricket-score/7934259/afghanistan-in-india-t20i-series/scorecard
2024-01-17,India,Afghanistan,"s / 3rd T20I (N) -Afghanistan in India T20I Series 2024 3rd T20I (N) -Afghanistan in India T20I Series 2024 T20I 3RD M Chinnaswamy Stadium, Bengaluru",,,T20,2024,India,https://cricstats.in/live-cricket-score/6868928/afghanistan-in-india-t20i-series/scorecard
2024-02-17,Sri Lanka,Afghanistan,N) -Afghanistan in Sri Lanka T20I Series 2024 1st T20I (N) -Afghanistan in Sri Lanka T20I Series 2024 T20I 1ST Rangiri Dambulla International Stadium,,,T20,2024,Sri Lanka,https://cricstats.in/live-cricket-score/5803619/afghanistan-in-sri-lanka-t20i-series/scorecard
2024-02-19,Sri Lanka,Afghanistan,N) -Afghanistan in Sri Lanka T20I Series 2024 2nd T20I (N) -Afghanistan in Sri Lanka T20I Series 2024 T20I 2ND Rangiri Dambulla International Stadium,,,T20,2024,Sri Lanka,https://cricstats.in/live-cricket-score/4997197/afghanistan-in-sri-lanka-t20i-series/scorecard
2024-02-21,Afghanistan,Sri Lanka,N) -Afghanistan in Sri Lanka T20I Series 2024 3rd T20I (N) -Afghanistan in Sri Lanka T20I Series 2024 T20I 3RD Rangiri Dambulla International Stadium,,,T20,2024,Afghanistan,https://cricstats.in/live-cricket-score/2587235/afghanistan-in-sri-lanka-t20i-series/scorecard
2024-03-15,Ireland,Afghanistan,Series (in United Arab Emirates) 2024 1st T20I (N) -Afghanistan v Ireland T20I Series (in United Arab Emirates) 2024 T20I 1ST Sharjah Cricket Stadium,,,T20,2024,Ireland,https://cricstats.in/live-cricket-score/8246639/afghanistan-v-ireland-t20i-series-in-united-arab-emirates/scorecard
2024-03-17,Afghanistan,Ireland,Series (in United Arab Emirates) 2024 2nd T20I (N) -Afghanistan v Ireland T20I Series (in United Arab Emirates) 2024 T20I 2ND Sharjah Cricket Stadium,,,T20,2024,Afghanistan,https://cricstats.in/live-cricket-score/5650238/afghanistan-v-ireland-t20i-series-in-united-arab-emirates/scorecard
2024-03-18,Afghanistan,Ireland,Series (in United Arab Emirates) 2024 3rd T20I (N) -Afghanistan v Ireland T20I Series (in United Arab Emirates) 2024 T20I 3RD Sharjah Cricket Stadium,,,T20,2024,Afghanistan,https://cricstats.in/live-cricket-score/9907554/afghanistan-v-ireland-t20i-series-in-united-arab-emirates/scorecard
2024-06-04,Afghanistan,Uganda,"atch, Group C (N) -ICC Men's T20 World Cup 2024 5th Match, Group C (N) -ICC Men's T20 World Cup 2024 T20I 5TH Providence Stadium, Guyana, West Indies",,,T20,2024,Afghanistan,https://cricstats.in/live-cricket-score/2039368/icc-mens-t20-world-cup/scorecard
2024-06-07,Afghanistan,New Zealand,"ch, Group C (N) -ICC Men's T20 World Cup 2024 14th Match, Group C (N) -ICC Men's T20 World Cup 2024 T20I 14TH Providence Stadium, Guyana, West Indies",,,T20,2024,Afghanistan,https://cricstats.in/live-cricket-score/3162542/icc-mens-t20-world-cup/scorecard
2024-06-14,Papua New Guinea,Afghanistan,"(N) -ICC Men's T20 World Cup 2024 29th Match, Group C (N) -ICC Men's T20 World Cup 2024 T20I 29TH Brian Lara Stadium, Tarouba, Trinidad, West Indies",,,T20,2024,Afghanistan,https://cricstats.in/live-cricket-score/2098059/icc-mens-t20-world-cup/scorecard
2024-06-18,West Indies,Afghanistan,"orld Cup 2024 40th Match, Group C (N) -ICC Men's T20 World Cup 2024 T20I 40TH Daren Sammy National Cricket Stadium, Gros Islet, St Lucia, West Indies",,,T20,2024,West Indies,https://cricstats.in/live-cricket-score/3031699/icc-mens-t20-world-cup/scorecard
2024-06-20,India,Afghanistan,"Men's T20 World Cup 2024 43rd Match, Super Eights, Group 1 -ICC Men's T20 World Cup 2024 T20I 43RD Kensington Oval, Bridgetown, Barbados, West Indies",,,T20,2024,India,https://cricstats.in/live-cricket-score/1140241/icc-mens-t20-world-cup/scorecard
2024-06-23,Australia,Afghanistan,"20 World Cup 2024 48th Match, Super Eights, Group 1 (N) -ICC Men's T20 World Cup 2024 T20I 48TH Arnos Vale Ground, Kingstown, St Vincent, West Indies",,,T20,2024,Afghanistan,https://cricstats.in/live-cricket-score/4550383/icc-mens-t20-world-cup/scorecard
2024-06-25,Afghanistan,Bangladesh,"20 World Cup 2024 52nd Match, Super Eights, Group 1 (N) -ICC Men's T20 World Cup 2024 T20I 52ND Arnos Vale Ground, Kingstown, St Vincent, West Indies",,,T20,2024,Afghanistan,https://cricstats.in/live-cricket-score/9682495/icc-mens-t20-world-cup/scorecard
2024-06-27,Afghanistan,South Africa,"-Final (N) -ICC Men's T20 World Cup 2024 1st Semi-Final (N) -ICC Men's T20 World Cup 2024 T20I 1ST Brian Lara Stadium, Tarouba, Trinidad, West Indies",,,T20,2024,South Africa,https://cricstats.in/live-cricket-score/5153072/icc-mens-t20-world-cup/scorecard
2024-12-11,Afghanistan,Zimbabwe,babwe T20I Series / 1st T20I -Afghanistan in Zimbabwe T20I Series 2024 1st T20I -Afghanistan in Zimbabwe T20I Series 2024 T20I 1ST Harare Sports Club,,,T20,2024,Zimbabwe,https://cricstats.in/live-cricket-score/7354191/afghanistan-in-zimbabwe-t20i-series/scorecard
2024-12-13,Afghanistan,Zimbabwe,babwe T20I Series / 2nd T20I -Afghanistan in Zimbabwe T20I Series 2024 2nd T20I -Afghanistan in Zimbabwe T20I Series 2024 T20I 2ND Harare Sports Club,,,T20,2024,Afghanistan,https://cricstats.in/live-cricket-score/8522708/afghanistan-in-zimbabwe-t20i-series/scorecard
2024-12-14,Zimbabwe,Afghanistan,babwe T20I Series / 3rd T20I -Afghanistan in Zimbabwe T20I Series 2024 3rd T20I -Afghanistan in Zimbabwe T20I Series 2024 T20I 3RD Harare Sports Club,,,T20,2024,Afghanistan,https://cricstats.in/live-cricket-score/6959875/afghanistan-in-zimbabwe-t20i-series/scorecard
2025-08-29,Afghanistan,Pakistan,"ed Arab Emirates T20I Tri-Series 2025 1st Match (N) -United Arab Emirates T20I Tri-Series 2025 T20I 1ST Sharjah Cricket Stadium, United Arab Emirates",,,T20,2025,Pakistan,https://cricstats.in/live-cricket-score/2597273/united-arab-emirates-t20i-tri-series/scorecard
2025-09-01,United Arab Emirates,Afghanistan,"ed Arab Emirates T20I Tri-Series 2025 3rd Match (N) -United Arab Emirates T20I Tri-Series 2025 T20I 3RD Sharjah Cricket Stadium, United Arab Emirates",,,T20,2025,Afghanistan,https://cricstats.in/live-cricket-score/6129353/united-arab-emirates-t20i-tri-series/scorecard
2025-09-02,Afghanistan,Pakistan,"ed Arab Emirates T20I Tri-Series 2025 4th Match (N) -United Arab Emirates T20I Tri-Series 2025 T20I 4TH Sharjah Cricket Stadium, United Arab Emirates",,,T20,2025,Afghanistan,https://cricstats.in/live-cricket-score/6486301/united-arab-emirates-t20i-tri-series/scorecard
2025-09-05,United Arab Emirates,Afghanistan,"ed Arab Emirates T20I Tri-Series 2025 6th Match (N) -United Arab Emirates T20I Tri-Series 2025 T20I 6TH Sharjah Cricket Stadium, United Arab Emirates",,,T20,2025,Afghanistan,https://cricstats.in/live-cricket-score/2998799/united-arab-emirates-t20i-tri-series/scorecard
2025-09-07,Pakistan,Afghanistan,"ited Arab Emirates T20I Tri-Series 2025 Final (N) -United Arab Emirates T20I Tri-Series 2025 T20I FINAL Sharjah Cricket Stadium, United Arab Emirates",,,T20,2025,Pakistan,https://cricstats.in/live-cricket-score/4310368/united-arab-emirates-t20i-tri-series/scorecard
2025-09-09,Afghanistan,Hong Kong,"of 2025 / Men's T20 Asia Cup / 1st Match, Group B (D/N) -Men's T20 Asia Cup 2025 1st Match, Group B (D/N) -Men's T20 Asia Cup 2025 T20I 1ST Abu Dhabi",,,T20,2025,Afghanistan,https://cricstats.in/live-cricket-score/1300857/mens-t20-asia-cup/scorecard
2025-09-16,Afghanistan,Bangladesh,"of 2025 / Men's T20 Asia Cup / 9th Match, Group B (D/N) -Men's T20 Asia Cup 2025 9th Match, Group B (D/N) -Men's T20 Asia Cup 2025 T20I 9TH Abu Dhabi",,,T20,2025,Bangladesh,https://cricstats.in/live-cricket-score/2732938/mens-t20-asia-cup/scorecard
2025-09-18,Afghanistan,Sri Lanka,"2025 / Men's T20 Asia Cup / 11th Match, Group B (D/N) -Men's T20 Asia Cup 2025 11th Match, Group B (D/N) -Men's T20 Asia Cup 2025 T20I 11TH Abu Dhabi",,,T20,2025,Sri Lanka,https://cricstats.in/live-cricket-score/7444005/mens-t20-asia-cup/scorecard
2025-10-02,Afghanistan,Bangladesh,es / 1st T20I (N) -Afghanistan v Bangladesh T20I Series 2025 1st T20I (N) -Afghanistan v Bangladesh T20I Series 2025 T20I 1ST Sharjah Cricket Stadium,,,T20,2025,Bangladesh,https://cricstats.in/live-cricket-score/5100346/afghanistan-v-bangladesh-t20i-series/scorecard
2025-10-03,Afghanistan,Bangladesh,es / 2nd T20I (N) -Afghanistan v Bangladesh T20I Series 2025 2nd T20I (N) -Afghanistan v Bangladesh T20I Series 2025 T20I 2ND Sharjah Cricket Stadium,,,T20,2025,Bangladesh,https://cricstats.in/live-cricket-score/7095778/afghanistan-v-bangladesh-t20i-series/scorecard
2025-10-05,Afghanistan,Bangladesh,es / 3rd T20I (N) -Afghanistan v Bangladesh T20I Series 2025 3rd T20I (N) -Afghanistan v Bangladesh T20I Series 2025 T20I 3RD Sharjah Cricket Stadium,,,T20,2025,Bangladesh,https://cricstats.in/live-cricket-score/2596770/afghanistan-v-bangladesh-t20i-series/scorecard
2025-10-29,Zimbabwe,Afghanistan,babwe T20I Series / 1st T20I -Afghanistan in Zimbabwe T20I Series 2025 1st T20I -Afghanistan in Zimbabwe T20I Series 2025 T20I 1ST Harare Sports Club,,,T20,2025,Afghanistan,https://cricstats.in/live-cricket-score/5961845/afghanistan-in-zimbabwe-t20i-series/scorecard
2025-10-31,Zimbabwe,Afghanistan,babwe T20I Series / 2nd T20I -Afghanistan in Zimbabwe T20I Series 2025 2nd T20I -Afghanistan in Zimbabwe T20I Series 2025 T20I 2ND Harare Sports Club,,,T20,2025,Afghanistan,https://cricstats.in/live-cricket-score/5443580/afghanistan-in-zimbabwe-t20i-series/scorecard
2025-11-02,Zimbabwe,Afghanistan,babwe T20I Series / 3rd T20I -Afghanistan in Zimbabwe T20I Series 2025 3rd T20I -Afghanistan in Zimbabwe T20I Series 2025 T20I 3RD Harare Sports Club,,,T20,2025,Afghanistan,https://cricstats.in/live-cricket-score/7019508/afghanistan-in-zimbabwe-t20i-series/scorecard
2025-11-11,Qatar,Afghanistan,"fghanistan in Qatar T20I Series 2025 3rd T20I (D/N) -Afghanistan in Qatar T20I Series 2025 T20I 3RD West End Park International Cricket Stadium, Doha",,,T20,2025,Afghanistan,https://cricstats.in/live-cricket-score/7757636/afghanistan-in-qatar-t20i-series/scorecard
2026-01-19,Afghanistan,West Indies,"v West Indies T20I Series 2026 1st T20I-Afghanistan v West Indies T20I Series 2026 T20I 1ST Dubai International Cricket Stadium, United Arab Emirates",,,T20,2026,Afghanistan,https://cricstats.in/live-cricket-score/1919182/afghanistan-v-west-indies-t20i-series/scorecard
2026-01-21,Afghanistan,West Indies,"v West Indies T20I Series 2026 2nd T20I-Afghanistan v West Indies T20I Series 2026 T20I 2ND Dubai International Cricket Stadium, United Arab Emirates",,,T20,2026,Afghanistan,https://cricstats.in/live-cricket-score/2292931/afghanistan-v-west-indies-t20i-series/scorecard
2026-01-22,West Indies,Afghanistan,"v West Indies T20I Series 2026 3rd T20I-Afghanistan v West Indies T20I Series 2026 T20I 3RD Dubai International Cricket Stadium, United Arab Emirates",,,T20,2026,West Indies,https://cricstats.in/live-cricket-score/6312632/afghanistan-v-west-indies-t20i-series/scorecard
2026-02-08,Afghanistan,New Zealand,"/ 4th Match, Group D -ICC Men's T20 World Cup 2026 4th Match, Group D -ICC Men's T20 World Cup 2026 T20I 4TH MA Chidambaram Stadium, Chepauk, Chennai",,,T20,2026,New Zealand,https://cricstats.in/live-cricket-score/5360813/icc-mens-t20-world-cup/scorecard
2026-02-11,Afghanistan,South Africa,"Cup / 13th Match, Group D -ICC Men's T20 World Cup 2026 13th Match, Group D -ICC Men's T20 World Cup 2026 T20I 13TH Narendra Modi Stadium, Ahmedabad",,,T20,2026,South Africa,https://cricstats.in/live-cricket-score/3580809/icc-mens-t20-world-cup/scorecard
2026-02-16,Afghanistan,United Arab Emirates,"World Cup / 28th Match, Group D -ICC Men's T20 World Cup 2026 28th Match, Group D -ICC Men's T20 World Cup 2026 T20I 28TH Arun Jaitley Stadium, Delhi",,,T20,2026,Afghanistan,https://cricstats.in/live-cricket-score/7668998/icc-mens-t20-world-cup/scorecard
2026-02-19,Afghanistan,Canada,"h, Group D (N) -ICC Men's T20 World Cup 2026 39th Match, Group D (N) -ICC Men's T20 World Cup 2026 T20I 39TH MA Chidambaram Stadium, Chepauk, Chennai",,,T20,2026,Afghanistan,https://cricstats.in/live-cricket-score/2732907/icc-mens-t20-world-cup/scorecard
2026-09-13,India,Afghanistan,"ndia T20I Series / 1st T20I-Afghanistan in India T20I Series 2026 1st T20I-Afghanistan in India T20I Series 2026 T20I 1ST Arun Jaitley Stadium, Delhi",,,T20,2026,India,https://cricstats.in/live-cricket-score/8444445/afghanistan-in-india-t20i-series/scorecard
